[
  {
    "description": "In order to use BAMBI application\nAs a BAMBI user\nI want to login to the application",
    "keyword": "Feature",
    "name": "Login to BAMBI",
    "line": 1,
    "id": "login-to-bambi",
    "tags": [],
    "uri": "e2e\\src\\auth\\features\\loginAndLogout.feature",
    "elements": [
      {
        "id": "login-to-bambi;successful-login-to-bambi-with-bambi-mercer-role",
        "keyword": "Scenario",
        "line": 7,
        "name": "Successful Login to BAMBI with BAMBI Mercer role",
        "tags": [
          {
            "name": "@smoke",
            "line": 6
          },
          {
            "name": "@login",
            "line": 6
          },
          {
            "name": "@userRoles",
            "line": 6
          }
        ],
        "type": "scenario",
        "steps": [
          {
            "keyword": "Before",
            "hidden": true,
            "match": {
              "location": "e2e\\src\\auth\\steps\\loginAndLogout.steps.ts:18"
            },
            "result": {
              "status": "passed",
              "duration": 3000000
            }
          },
          {
            "arguments": [],
            "keyword": "Given ",
            "line": 8,
            "name": "I am on the login page",
            "match": {
              "location": "e2e\\src\\auth\\steps\\loginAndLogout.steps.ts:25"
            },
            "result": {
              "status": "passed",
              "duration": 7785000000
            }
          },
          {
            "arguments": [],
            "keyword": "When ",
            "line": 9,
            "name": "I log in as \"BAMBI User\"",
            "match": {
              "location": "e2e\\src\\auth\\steps\\loginAndLogout.steps.ts:29"
            },
            "result": {
              "status": "passed",
              "duration": 8000000
            }
          },
          {
            "arguments": [],
            "keyword": "Then ",
            "line": 10,
            "name": "I will get 'Home' page",
            "match": {
              "location": "e2e\\src\\auth\\steps\\loginAndLogout.steps.ts:67"
            },
            "result": {
              "status": "passed",
              "duration": 10449000000
            }
          },
          {
            "arguments": [],
            "keyword": "And ",
            "line": 11,
            "name": "I see Dashboard, Reports, User Support menu items",
            "match": {
              "location": "e2e\\src\\auth\\steps\\loginAndLogout.steps.ts:40"
            },
            "result": {
              "status": "passed",
              "duration": 1160000000
            }
          },
          {
            "arguments": [],
            "keyword": "And ",
            "line": 12,
            "name": "I \"don`t see\" Admin menu item in User profile",
            "match": {
              "location": "e2e\\src\\auth\\steps\\loginAndLogout.steps.ts:45"
            },
            "result": {
              "status": "passed",
              "duration": 17741000000
            }
          },
          {
            "keyword": "After",
            "hidden": true,
            "match": {
              "location": "node_modules\\protractor-cucumber-framework\\lib\\resultsCapturer.js:27"
            },
            "result": {
              "status": "passed",
              "duration": 1000000
            }
          }
        ]
      },
      {
        "id": "login-to-bambi;successful-login-to-bambi-with-bambi-admin-role",
        "keyword": "Scenario",
        "line": 15,
        "name": "Successful Login to BAMBI with BAMBI Admin role",
        "tags": [
          {
            "name": "@smoke",
            "line": 14
          },
          {
            "name": "@login",
            "line": 14
          },
          {
            "name": "@userRoles",
            "line": 14
          }
        ],
        "type": "scenario",
        "steps": [
          {
            "keyword": "Before",
            "hidden": true,
            "match": {
              "location": "e2e\\src\\auth\\steps\\loginAndLogout.steps.ts:18"
            },
            "result": {
              "status": "passed",
              "duration": 1000000
            }
          },
          {
            "arguments": [],
            "keyword": "Given ",
            "line": 16,
            "name": "I am on the login page",
            "match": {
              "location": "e2e\\src\\auth\\steps\\loginAndLogout.steps.ts:25"
            },
            "result": {
              "status": "passed",
              "duration": 1018000000
            }
          },
          {
            "arguments": [],
            "keyword": "When ",
            "line": 17,
            "name": "I log in as \"BAMBI Admin\"",
            "match": {
              "location": "e2e\\src\\auth\\steps\\loginAndLogout.steps.ts:29"
            },
            "result": {
              "status": "passed",
              "duration": 4000000
            }
          },
          {
            "arguments": [],
            "keyword": "Then ",
            "line": 18,
            "name": "I will get 'Home' page",
            "match": {
              "location": "e2e\\src\\auth\\steps\\loginAndLogout.steps.ts:67"
            },
            "result": {
              "status": "passed",
              "duration": 5612000000
            }
          },
          {
            "arguments": [],
            "keyword": "And ",
            "line": 19,
            "name": "I see Dashboard, Reports, User Support menu items",
            "match": {
              "location": "e2e\\src\\auth\\steps\\loginAndLogout.steps.ts:40"
            },
            "result": {
              "status": "passed",
              "duration": 419000000
            }
          },
          {
            "arguments": [],
            "keyword": "And ",
            "line": 20,
            "name": "I \"see\" Admin menu item in User profile",
            "match": {
              "location": "e2e\\src\\auth\\steps\\loginAndLogout.steps.ts:45"
            },
            "result": {
              "status": "passed",
              "duration": 17441000000
            }
          },
          {
            "keyword": "After",
            "hidden": true,
            "match": {
              "location": "node_modules\\protractor-cucumber-framework\\lib\\resultsCapturer.js:27"
            },
            "result": {
              "status": "passed",
              "duration": 1000000
            }
          }
        ]
      },
      {
        "id": "login-to-bambi;unsuccessful-login-to-bambi-without-bambi-roles",
        "keyword": "Scenario",
        "line": 23,
        "name": "Unsuccessful Login to BAMBI without BAMBI roles",
        "tags": [
          {
            "name": "@smoke",
            "line": 22
          },
          {
            "name": "@login",
            "line": 22
          },
          {
            "name": "@userRoles",
            "line": 22
          }
        ],
        "type": "scenario",
        "steps": [
          {
            "keyword": "Before",
            "hidden": true,
            "match": {
              "location": "e2e\\src\\auth\\steps\\loginAndLogout.steps.ts:18"
            },
            "result": {
              "status": "passed",
              "duration": 1000000
            }
          },
          {
            "arguments": [],
            "keyword": "Given ",
            "line": 24,
            "name": "I am on the login page",
            "match": {
              "location": "e2e\\src\\auth\\steps\\loginAndLogout.steps.ts:25"
            },
            "result": {
              "status": "passed",
              "duration": 836000000
            }
          },
          {
            "arguments": [],
            "keyword": "When ",
            "line": 25,
            "name": "I log in as \"a user without BAMBI role\"",
            "match": {
              "location": "e2e\\src\\auth\\steps\\loginAndLogout.steps.ts:29"
            },
            "result": {
              "status": "passed",
              "duration": 4000000
            }
          },
          {
            "arguments": [],
            "keyword": "Then ",
            "line": 26,
            "name": "I will redirected to \"/error/403\"",
            "match": {
              "location": "e2e\\src\\auth\\steps\\loginAndLogout.steps.ts:75"
            },
            "result": {
              "status": "failed",
              "duration": 5016000000,
              "error_message": "AssertionError\n    + expected - actual\n\n    -https://usdf14v0050/bambi/\n    +https://usdf14v0050/bambi/error/403\n\n    at C:\\Users\\jaspal-singh\\Desktop\\ClientApp\\ClientApp\\ClientApp\\e2e\\src\\auth\\steps\\loginAndLogout.steps.ts:80:25\n    at step (C:\\Users\\jaspal-singh\\Desktop\\ClientApp\\ClientApp\\ClientApp\\e2e\\src\\auth\\steps\\loginAndLogout.steps.ts:33:23)\n    at Object.next (C:\\Users\\jaspal-singh\\Desktop\\ClientApp\\ClientApp\\ClientApp\\e2e\\src\\auth\\steps\\loginAndLogout.steps.ts:14:53)\n    at fulfilled (C:\\Users\\jaspal-singh\\Desktop\\ClientApp\\ClientApp\\ClientApp\\e2e\\src\\auth\\steps\\loginAndLogout.steps.ts:5:58)\n    at processTicksAndRejections (internal/process/task_queues.js:93:5)"
            }
          },
          {
            "arguments": [],
            "keyword": "And ",
            "line": 27,
            "name": "I see an \"Access restricted\" error",
            "match": {
              "location": "e2e\\src\\auth\\steps\\loginAndLogout.steps.ts:83"
            },
            "result": {
              "status": "skipped"
            }
          },
          {
            "keyword": "After",
            "hidden": true,
            "match": {
              "location": "node_modules\\protractor-cucumber-framework\\lib\\resultsCapturer.js:27"
            },
            "result": {
              "status": "passed",
              "duration": 1000000
            }
          }
        ]
      }
    ]
  },
  {
    "description": "In order to use BAMBI application\nAs a BAMBI user\nI want to login to the application",
    "keyword": "Feature",
    "name": "Login to BAMBI",
    "line": 1,
    "id": "login-to-bambi",
    "tags": [],
    "uri": "e2e\\src\\auth\\features\\loginAndLogout.feature",
    "elements": [
      {
        "id": "login-to-bambi;successful-login-to-bambi-with-bambi-mercer-role",
        "keyword": "Scenario",
        "line": 7,
        "name": "Successful Login to BAMBI with BAMBI Mercer role",
        "tags": [
          {
            "name": "@smoke",
            "line": 6
          },
          {
            "name": "@login",
            "line": 6
          },
          {
            "name": "@userRoles",
            "line": 6
          }
        ],
        "type": "scenario",
        "steps": [
          {
            "keyword": "Before",
            "hidden": true,
            "match": {
              "location": "e2e\\src\\auth\\steps\\loginAndLogout.steps.ts:18"
            },
            "result": {
              "status": "passed",
              "duration": 2000000
            }
          },
          {
            "arguments": [],
            "keyword": "Given ",
            "line": 8,
            "name": "I am on the login page",
            "match": {
              "location": "e2e\\src\\auth\\steps\\loginAndLogout.steps.ts:25"
            },
            "result": {
              "status": "passed",
              "duration": 2782000000
            }
          },
          {
            "arguments": [],
            "keyword": "When ",
            "line": 9,
            "name": "I log in as \"BAMBI User\"",
            "match": {
              "location": "e2e\\src\\auth\\steps\\loginAndLogout.steps.ts:29"
            },
            "result": {
              "status": "passed",
              "duration": 7000000
            }
          },
          {
            "arguments": [],
            "keyword": "Then ",
            "line": 10,
            "name": "I will get 'Home' page",
            "match": {
              "location": "e2e\\src\\auth\\steps\\loginAndLogout.steps.ts:67"
            },
            "result": {
              "status": "passed",
              "duration": 6692000000
            }
          },
          {
            "arguments": [],
            "keyword": "And ",
            "line": 11,
            "name": "I see Dashboard, Reports, User Support menu items",
            "match": {
              "location": "e2e\\src\\auth\\steps\\loginAndLogout.steps.ts:40"
            },
            "result": {
              "status": "passed",
              "duration": 586000000
            }
          },
          {
            "arguments": [],
            "keyword": "And ",
            "line": 12,
            "name": "I \"don`t see\" Admin menu item in User profile",
            "match": {
              "location": "e2e\\src\\auth\\steps\\loginAndLogout.steps.ts:45"
            },
            "result": {
              "status": "passed",
              "duration": 17754000000
            }
          },
          {
            "keyword": "After",
            "hidden": true,
            "match": {
              "location": "node_modules\\protractor-cucumber-framework\\lib\\resultsCapturer.js:27"
            },
            "result": {
              "status": "passed",
              "duration": 1000000
            }
          }
        ]
      },
      {
        "id": "login-to-bambi;successful-login-to-bambi-with-bambi-admin-role",
        "keyword": "Scenario",
        "line": 15,
        "name": "Successful Login to BAMBI with BAMBI Admin role",
        "tags": [
          {
            "name": "@smoke",
            "line": 14
          },
          {
            "name": "@login",
            "line": 14
          },
          {
            "name": "@userRoles",
            "line": 14
          }
        ],
        "type": "scenario",
        "steps": [
          {
            "keyword": "Before",
            "hidden": true,
            "match": {
              "location": "e2e\\src\\auth\\steps\\loginAndLogout.steps.ts:18"
            },
            "result": {
              "status": "passed",
              "duration": 1000000
            }
          },
          {
            "arguments": [],
            "keyword": "Given ",
            "line": 16,
            "name": "I am on the login page",
            "match": {
              "location": "e2e\\src\\auth\\steps\\loginAndLogout.steps.ts:25"
            },
            "result": {
              "status": "passed",
              "duration": 1238000000
            }
          },
          {
            "arguments": [],
            "keyword": "When ",
            "line": 17,
            "name": "I log in as \"BAMBI Admin\"",
            "match": {
              "location": "e2e\\src\\auth\\steps\\loginAndLogout.steps.ts:29"
            },
            "result": {
              "status": "passed",
              "duration": 4000000
            }
          },
          {
            "arguments": [],
            "keyword": "Then ",
            "line": 18,
            "name": "I will get 'Home' page",
            "match": {
              "location": "e2e\\src\\auth\\steps\\loginAndLogout.steps.ts:67"
            },
            "result": {
              "status": "passed",
              "duration": 5098000000
            }
          },
          {
            "arguments": [],
            "keyword": "And ",
            "line": 19,
            "name": "I see Dashboard, Reports, User Support menu items",
            "match": {
              "location": "e2e\\src\\auth\\steps\\loginAndLogout.steps.ts:40"
            },
            "result": {
              "status": "passed",
              "duration": 194000000
            }
          },
          {
            "arguments": [],
            "keyword": "And ",
            "line": 20,
            "name": "I \"see\" Admin menu item in User profile",
            "match": {
              "location": "e2e\\src\\auth\\steps\\loginAndLogout.steps.ts:45"
            },
            "result": {
              "status": "passed",
              "duration": 17468000000
            }
          },
          {
            "keyword": "After",
            "hidden": true,
            "match": {
              "location": "node_modules\\protractor-cucumber-framework\\lib\\resultsCapturer.js:27"
            },
            "result": {
              "status": "passed",
              "duration": 0
            }
          }
        ]
      },
      {
        "id": "login-to-bambi;unsuccessful-login-to-bambi-without-bambi-roles",
        "keyword": "Scenario",
        "line": 23,
        "name": "Unsuccessful Login to BAMBI without BAMBI roles",
        "tags": [
          {
            "name": "@smoke",
            "line": 22
          },
          {
            "name": "@login",
            "line": 22
          },
          {
            "name": "@userRoles",
            "line": 22
          }
        ],
        "type": "scenario",
        "steps": [
          {
            "keyword": "Before",
            "hidden": true,
            "match": {
              "location": "e2e\\src\\auth\\steps\\loginAndLogout.steps.ts:18"
            },
            "result": {
              "status": "passed",
              "duration": 1000000
            }
          },
          {
            "arguments": [],
            "keyword": "Given ",
            "line": 24,
            "name": "I am on the login page",
            "match": {
              "location": "e2e\\src\\auth\\steps\\loginAndLogout.steps.ts:25"
            },
            "result": {
              "status": "passed",
              "duration": 1010000000
            }
          },
          {
            "arguments": [],
            "keyword": "When ",
            "line": 25,
            "name": "I log in as \"a user without BAMBI role\"",
            "match": {
              "location": "e2e\\src\\auth\\steps\\loginAndLogout.steps.ts:29"
            },
            "result": {
              "status": "passed",
              "duration": 3000000
            }
          },
          {
            "arguments": [],
            "keyword": "Then ",
            "line": 26,
            "name": "I will redirected to \"/error/403\"",
            "match": {
              "location": "e2e\\src\\auth\\steps\\loginAndLogout.steps.ts:75"
            },
            "result": {
              "status": "failed",
              "duration": 6239000000,
              "error_message": "AssertionError\n    + expected - actual\n\n    -https://usdf14v0050/bambi/\n    +https://usdf14v0050/bambi/error/403\n\n    at C:\\Users\\jaspal-singh\\Desktop\\ClientApp\\ClientApp\\ClientApp\\e2e\\src\\auth\\steps\\loginAndLogout.steps.ts:80:25\n    at step (C:\\Users\\jaspal-singh\\Desktop\\ClientApp\\ClientApp\\ClientApp\\e2e\\src\\auth\\steps\\loginAndLogout.steps.ts:33:23)\n    at Object.next (C:\\Users\\jaspal-singh\\Desktop\\ClientApp\\ClientApp\\ClientApp\\e2e\\src\\auth\\steps\\loginAndLogout.steps.ts:14:53)\n    at fulfilled (C:\\Users\\jaspal-singh\\Desktop\\ClientApp\\ClientApp\\ClientApp\\e2e\\src\\auth\\steps\\loginAndLogout.steps.ts:5:58)\n    at processTicksAndRejections (internal/process/task_queues.js:93:5)"
            }
          },
          {
            "arguments": [],
            "keyword": "And ",
            "line": 27,
            "name": "I see an \"Access restricted\" error",
            "match": {
              "location": "e2e\\src\\auth\\steps\\loginAndLogout.steps.ts:83"
            },
            "result": {
              "status": "skipped"
            }
          },
          {
            "keyword": "After",
            "hidden": true,
            "match": {
              "location": "node_modules\\protractor-cucumber-framework\\lib\\resultsCapturer.js:27"
            },
            "result": {
              "status": "passed",
              "duration": 1000000
            }
          }
        ]
      }
    ]
  },
  {
    "description": "In order to use BAMBI application\nAs a BAMBI user\nI want to login to the application",
    "keyword": "Feature",
    "name": "Login to BAMBI",
    "line": 1,
    "id": "login-to-bambi",
    "tags": [],
    "uri": "e2e\\src\\auth\\features\\loginAndLogout.feature",
    "elements": [
      {
        "id": "login-to-bambi;successful-login-to-bambi-with-bambi-mercer-role",
        "keyword": "Scenario",
        "line": 7,
        "name": "Successful Login to BAMBI with BAMBI Mercer role",
        "tags": [
          {
            "name": "@smoke",
            "line": 6
          },
          {
            "name": "@login",
            "line": 6
          },
          {
            "name": "@userRoles",
            "line": 6
          }
        ],
        "type": "scenario",
        "steps": [
          {
            "keyword": "Before",
            "hidden": true,
            "match": {
              "location": "e2e\\src\\auth\\steps\\loginAndLogout.steps.ts:18"
            },
            "result": {
              "status": "passed",
              "duration": 2000000
            }
          },
          {
            "arguments": [],
            "keyword": "Given ",
            "line": 8,
            "name": "I am on the login page",
            "match": {
              "location": "e2e\\src\\auth\\steps\\loginAndLogout.steps.ts:25"
            },
            "result": {
              "status": "passed",
              "duration": 4989000000
            }
          },
          {
            "arguments": [],
            "keyword": "When ",
            "line": 9,
            "name": "I log in as \"BAMBI User\"",
            "match": {
              "location": "e2e\\src\\auth\\steps\\loginAndLogout.steps.ts:29"
            },
            "result": {
              "status": "passed",
              "duration": 7000000
            }
          },
          {
            "arguments": [],
            "keyword": "Then ",
            "line": 10,
            "name": "I will get 'Home' page",
            "match": {
              "location": "e2e\\src\\auth\\steps\\loginAndLogout.steps.ts:67"
            },
            "result": {
              "status": "passed",
              "duration": 7418000000
            }
          },
          {
            "arguments": [],
            "keyword": "And ",
            "line": 11,
            "name": "I see Dashboard, Reports, User Support menu items",
            "match": {
              "location": "e2e\\src\\auth\\steps\\loginAndLogout.steps.ts:40"
            },
            "result": {
              "status": "passed",
              "duration": 310000000
            }
          },
          {
            "arguments": [],
            "keyword": "And ",
            "line": 12,
            "name": "I \"don`t see\" Admin menu item in User profile",
            "match": {
              "location": "e2e\\src\\auth\\steps\\loginAndLogout.steps.ts:45"
            },
            "result": {
              "status": "passed",
              "duration": 17171000000
            }
          },
          {
            "keyword": "After",
            "hidden": true,
            "match": {
              "location": "node_modules\\protractor-cucumber-framework\\lib\\resultsCapturer.js:27"
            },
            "result": {
              "status": "passed",
              "duration": 1000000
            }
          }
        ]
      },
      {
        "id": "login-to-bambi;successful-login-to-bambi-with-bambi-admin-role",
        "keyword": "Scenario",
        "line": 15,
        "name": "Successful Login to BAMBI with BAMBI Admin role",
        "tags": [
          {
            "name": "@smoke",
            "line": 14
          },
          {
            "name": "@login",
            "line": 14
          },
          {
            "name": "@userRoles",
            "line": 14
          }
        ],
        "type": "scenario",
        "steps": [
          {
            "keyword": "Before",
            "hidden": true,
            "match": {
              "location": "e2e\\src\\auth\\steps\\loginAndLogout.steps.ts:18"
            },
            "result": {
              "status": "passed",
              "duration": 1000000
            }
          },
          {
            "arguments": [],
            "keyword": "Given ",
            "line": 16,
            "name": "I am on the login page",
            "match": {
              "location": "e2e\\src\\auth\\steps\\loginAndLogout.steps.ts:25"
            },
            "result": {
              "status": "passed",
              "duration": 1022000000
            }
          },
          {
            "arguments": [],
            "keyword": "When ",
            "line": 17,
            "name": "I log in as \"BAMBI Admin\"",
            "match": {
              "location": "e2e\\src\\auth\\steps\\loginAndLogout.steps.ts:29"
            },
            "result": {
              "status": "passed",
              "duration": 4000000
            }
          },
          {
            "arguments": [],
            "keyword": "Then ",
            "line": 18,
            "name": "I will get 'Home' page",
            "match": {
              "location": "e2e\\src\\auth\\steps\\loginAndLogout.steps.ts:67"
            },
            "result": {
              "status": "passed",
              "duration": 5543000000
            }
          },
          {
            "arguments": [],
            "keyword": "And ",
            "line": 19,
            "name": "I see Dashboard, Reports, User Support menu items",
            "match": {
              "location": "e2e\\src\\auth\\steps\\loginAndLogout.steps.ts:40"
            },
            "result": {
              "status": "passed",
              "duration": 254000000
            }
          },
          {
            "arguments": [],
            "keyword": "And ",
            "line": 20,
            "name": "I \"see\" Admin menu item in User profile",
            "match": {
              "location": "e2e\\src\\auth\\steps\\loginAndLogout.steps.ts:45"
            },
            "result": {
              "status": "passed",
              "duration": 17101000000
            }
          },
          {
            "keyword": "After",
            "hidden": true,
            "match": {
              "location": "node_modules\\protractor-cucumber-framework\\lib\\resultsCapturer.js:27"
            },
            "result": {
              "status": "passed",
              "duration": 1000000
            }
          }
        ]
      },
      {
        "id": "login-to-bambi;unsuccessful-login-to-bambi-without-bambi-roles",
        "keyword": "Scenario",
        "line": 23,
        "name": "Unsuccessful Login to BAMBI without BAMBI roles",
        "tags": [
          {
            "name": "@smoke",
            "line": 22
          },
          {
            "name": "@login",
            "line": 22
          },
          {
            "name": "@userRoles",
            "line": 22
          }
        ],
        "type": "scenario",
        "steps": [
          {
            "keyword": "Before",
            "hidden": true,
            "match": {
              "location": "e2e\\src\\auth\\steps\\loginAndLogout.steps.ts:18"
            },
            "result": {
              "status": "passed",
              "duration": 1000000
            }
          },
          {
            "arguments": [],
            "keyword": "Given ",
            "line": 24,
            "name": "I am on the login page",
            "match": {
              "location": "e2e\\src\\auth\\steps\\loginAndLogout.steps.ts:25"
            },
            "result": {
              "status": "passed",
              "duration": 852000000
            }
          },
          {
            "arguments": [],
            "keyword": "When ",
            "line": 25,
            "name": "I log in as \"a user without BAMBI role\"",
            "match": {
              "location": "e2e\\src\\auth\\steps\\loginAndLogout.steps.ts:29"
            },
            "result": {
              "status": "passed",
              "duration": 4000000
            }
          },
          {
            "arguments": [],
            "keyword": "Then ",
            "line": 26,
            "name": "I will redirected to \"/error/403\"",
            "match": {
              "location": "e2e\\src\\auth\\steps\\loginAndLogout.steps.ts:75"
            },
            "result": {
              "status": "passed",
              "duration": 5012000000
            }
          },
          {
            "arguments": [],
            "keyword": "And ",
            "line": 27,
            "name": "I see an \"Access restricted\" error",
            "match": {
              "location": "e2e\\src\\auth\\steps\\loginAndLogout.steps.ts:83"
            },
            "result": {
              "status": "passed",
              "duration": 6989000000
            }
          },
          {
            "keyword": "After",
            "hidden": true,
            "match": {
              "location": "node_modules\\protractor-cucumber-framework\\lib\\resultsCapturer.js:27"
            },
            "result": {
              "status": "passed",
              "duration": 1000000
            }
          }
        ]
      }
    ]
  }
]
