[
  {
    "description": "In order to use BAMBI application\nAs a BAMBI user\nI want to login to the application",
    "keyword": "Feature",
    "name": "Login to BAMBI",
    "line": 1,
    "id": "login-to-bambi",
    "tags": [],
    "uri": "e2e\\src\\auth\\features\\loginAndLogout.feature",
    "elements": [
      {
        "id": "login-to-bambi;successful-login-to-bambi-with-bambi-mercer-role",
        "keyword": "Scenario",
        "line": 7,
        "name": "Successful Login to BAMBI with BAMBI Mercer role",
        "tags": [
          {
            "name": "@smoke",
            "line": 6
          },
          {
            "name": "@login",
            "line": 6
          },
          {
            "name": "@userRoles",
            "line": 6
          }
        ],
        "type": "scenario",
        "steps": [
          {
            "keyword": "Before",
            "hidden": true,
            "match": {
              "location": "e2e\\src\\auth\\steps\\loginAndLogout.steps.ts:16"
            },
            "result": {
              "status": "passed",
              "duration": 1000000
            }
          },
          {
            "keyword": "Before",
            "hidden": true,
            "match": {
              "location": "e2e\\src\\dasboard\\steps\\dashboardPage.steps.ts:16"
            },
            "result": {
              "status": "passed",
              "duration": 1000000
            }
          },
          {
            "keyword": "Before",
            "hidden": true,
            "match": {
              "location": "e2e\\src\\home\\steps\\homePage.steps.ts:16"
            },
            "result": {
              "status": "passed",
              "duration": 0
            }
          },
          {
            "arguments": [],
            "keyword": "Given ",
            "line": 8,
            "name": "I am on the login page",
            "match": {
              "location": "e2e\\src\\auth\\steps\\loginAndLogout.steps.ts:22"
            },
            "result": {
              "status": "passed",
              "duration": 4425000000
            }
          },
          {
            "arguments": [],
            "keyword": "When ",
            "line": 9,
            "name": "I log in as \"BAMBI User\"",
            "match": {
              "location": "e2e\\src\\auth\\steps\\loginAndLogout.steps.ts:26"
            },
            "result": {
              "status": "passed",
              "duration": 5000000
            }
          },
          {
            "arguments": [],
            "keyword": "Then ",
            "line": 10,
            "name": "I will get 'Home' page",
            "match": {
              "location": "e2e\\src\\auth\\steps\\loginAndLogout.steps.ts:66"
            },
            "result": {
              "status": "passed",
              "duration": 12014000000
            }
          },
          {
            "arguments": [],
            "keyword": "And ",
            "line": 11,
            "name": "I see Dashboard, Reports, User Support menu items",
            "match": {
              "location": "e2e\\src\\auth\\steps\\loginAndLogout.steps.ts:37"
            },
            "result": {
              "status": "passed",
              "duration": 114000000
            }
          },
          {
            "arguments": [],
            "keyword": "And ",
            "line": 12,
            "name": "I \"don`t see\" Admin menu item in User profile",
            "match": {
              "location": "e2e\\src\\auth\\steps\\loginAndLogout.steps.ts:42"
            },
            "result": {
              "status": "passed",
              "duration": 12442000000
            }
          },
          {
            "keyword": "After",
            "hidden": true,
            "match": {
              "location": "node_modules\\protractor-cucumber-framework\\lib\\resultsCapturer.js:27"
            },
            "result": {
              "status": "passed",
              "duration": 1000000
            }
          }
        ]
      },
      {
        "id": "login-to-bambi;successful-login-to-bambi-with-bambi-admin-role",
        "keyword": "Scenario",
        "line": 15,
        "name": "Successful Login to BAMBI with BAMBI Admin role",
        "tags": [
          {
            "name": "@smoke",
            "line": 14
          },
          {
            "name": "@login",
            "line": 14
          },
          {
            "name": "@userRoles",
            "line": 14
          }
        ],
        "type": "scenario",
        "steps": [
          {
            "keyword": "Before",
            "hidden": true,
            "match": {
              "location": "e2e\\src\\auth\\steps\\loginAndLogout.steps.ts:16"
            },
            "result": {
              "status": "passed",
              "duration": 1000000
            }
          },
          {
            "keyword": "Before",
            "hidden": true,
            "match": {
              "location": "e2e\\src\\dasboard\\steps\\dashboardPage.steps.ts:16"
            },
            "result": {
              "status": "passed",
              "duration": 0
            }
          },
          {
            "keyword": "Before",
            "hidden": true,
            "match": {
              "location": "e2e\\src\\home\\steps\\homePage.steps.ts:16"
            },
            "result": {
              "status": "passed",
              "duration": 0
            }
          },
          {
            "arguments": [],
            "keyword": "Given ",
            "line": 16,
            "name": "I am on the login page",
            "match": {
              "location": "e2e\\src\\auth\\steps\\loginAndLogout.steps.ts:22"
            },
            "result": {
              "status": "passed",
              "duration": 1686000000
            }
          },
          {
            "arguments": [],
            "keyword": "When ",
            "line": 17,
            "name": "I log in as \"BAMBI Admin\"",
            "match": {
              "location": "e2e\\src\\auth\\steps\\loginAndLogout.steps.ts:26"
            },
            "result": {
              "status": "passed",
              "duration": 2000000
            }
          },
          {
            "arguments": [],
            "keyword": "Then ",
            "line": 18,
            "name": "I will get 'Home' page",
            "match": {
              "location": "e2e\\src\\auth\\steps\\loginAndLogout.steps.ts:66"
            },
            "result": {
              "status": "passed",
              "duration": 12029000000
            }
          },
          {
            "arguments": [],
            "keyword": "And ",
            "line": 19,
            "name": "I see Dashboard, Reports, User Support menu items",
            "match": {
              "location": "e2e\\src\\auth\\steps\\loginAndLogout.steps.ts:37"
            },
            "result": {
              "status": "passed",
              "duration": 173000000
            }
          },
          {
            "arguments": [],
            "keyword": "And ",
            "line": 20,
            "name": "I \"see\" Admin menu item in User profile",
            "match": {
              "location": "e2e\\src\\auth\\steps\\loginAndLogout.steps.ts:42"
            },
            "result": {
              "status": "passed",
              "duration": 12686000000
            }
          },
          {
            "keyword": "After",
            "hidden": true,
            "match": {
              "location": "node_modules\\protractor-cucumber-framework\\lib\\resultsCapturer.js:27"
            },
            "result": {
              "status": "passed",
              "duration": 1000000
            }
          }
        ]
      },
      {
        "id": "login-to-bambi;unsuccessful-login-to-bambi-without-bambi-roles",
        "keyword": "Scenario",
        "line": 23,
        "name": "Unsuccessful Login to BAMBI without BAMBI roles",
        "tags": [
          {
            "name": "@smoke",
            "line": 22
          },
          {
            "name": "@login",
            "line": 22
          },
          {
            "name": "@userRoles",
            "line": 22
          }
        ],
        "type": "scenario",
        "steps": [
          {
            "keyword": "Before",
            "hidden": true,
            "match": {
              "location": "e2e\\src\\auth\\steps\\loginAndLogout.steps.ts:16"
            },
            "result": {
              "status": "passed",
              "duration": 1000000
            }
          },
          {
            "keyword": "Before",
            "hidden": true,
            "match": {
              "location": "e2e\\src\\dasboard\\steps\\dashboardPage.steps.ts:16"
            },
            "result": {
              "status": "passed",
              "duration": 1000000
            }
          },
          {
            "keyword": "Before",
            "hidden": true,
            "match": {
              "location": "e2e\\src\\home\\steps\\homePage.steps.ts:16"
            },
            "result": {
              "status": "passed",
              "duration": 1000000
            }
          },
          {
            "arguments": [],
            "keyword": "Given ",
            "line": 24,
            "name": "I am on the login page",
            "match": {
              "location": "e2e\\src\\auth\\steps\\loginAndLogout.steps.ts:22"
            },
            "result": {
              "status": "passed",
              "duration": 1809000000
            }
          },
          {
            "arguments": [],
            "keyword": "When ",
            "line": 25,
            "name": "I log in as \"a user without BAMBI role\"",
            "match": {
              "location": "e2e\\src\\auth\\steps\\loginAndLogout.steps.ts:26"
            },
            "result": {
              "status": "passed",
              "duration": 2000000
            }
          },
          {
            "arguments": [],
            "keyword": "Then ",
            "line": 26,
            "name": "I will redirected to \"/error/403\"",
            "match": {
              "location": "e2e\\src\\auth\\steps\\loginAndLogout.steps.ts:72"
            },
            "result": {
              "status": "passed",
              "duration": 20059000000
            }
          },
          {
            "arguments": [],
            "keyword": "And ",
            "line": 27,
            "name": "I see an \"Access restricted\" error",
            "match": {
              "location": "e2e\\src\\auth\\steps\\loginAndLogout.steps.ts:78"
            },
            "result": {
              "status": "passed",
              "duration": 12576000000
            }
          },
          {
            "keyword": "After",
            "hidden": true,
            "match": {
              "location": "node_modules\\protractor-cucumber-framework\\lib\\resultsCapturer.js:27"
            },
            "result": {
              "status": "passed",
              "duration": 0
            }
          }
        ]
      }
    ]
  },
  {
    "keyword": "Feature",
    "name": "Home Page",
    "line": 1,
    "id": "home-page",
    "tags": [],
    "uri": "e2e\\src\\home\\features\\homePage.feature",
    "elements": [
      {
        "id": "home-page;home-page-content",
        "keyword": "Scenario",
        "line": 4,
        "name": "Home page content",
        "tags": [
          {
            "name": "@smoke",
            "line": 3
          },
          {
            "name": "@homePage",
            "line": 3
          }
        ],
        "type": "scenario",
        "steps": [
          {
            "keyword": "Before",
            "hidden": true,
            "match": {
              "location": "e2e\\src\\auth\\steps\\loginAndLogout.steps.ts:16"
            },
            "result": {
              "status": "passed",
              "duration": 0
            }
          },
          {
            "keyword": "Before",
            "hidden": true,
            "match": {
              "location": "e2e\\src\\dasboard\\steps\\dashboardPage.steps.ts:16"
            },
            "result": {
              "status": "passed",
              "duration": 1000000
            }
          },
          {
            "keyword": "Before",
            "hidden": true,
            "match": {
              "location": "e2e\\src\\home\\steps\\homePage.steps.ts:16"
            },
            "result": {
              "status": "passed",
              "duration": 0
            }
          },
          {
            "arguments": [],
            "keyword": "Given ",
            "line": 5,
            "name": "I logged in to BAMBI application",
            "match": {
              "location": "e2e\\src\\home\\steps\\homePage.steps.ts:22"
            },
            "result": {
              "status": "passed",
              "duration": 3144000000
            }
          },
          {
            "arguments": [],
            "keyword": "When ",
            "line": 6,
            "name": "I am on 'Home' page",
            "match": {
              "location": "e2e\\src\\home\\steps\\homePage.steps.ts:27"
            },
            "result": {
              "status": "passed",
              "duration": 5549000000
            }
          },
          {
            "arguments": [],
            "keyword": "Then ",
            "line": 7,
            "name": "I see that Home page contains Welcome message",
            "match": {
              "location": "e2e\\src\\home\\steps\\homePage.steps.ts:31"
            },
            "result": {
              "status": "passed",
              "duration": 135000000
            }
          },
          {
            "arguments": [],
            "keyword": "And ",
            "line": 8,
            "name": "Home page contains 'BAMBI OVERVIEW' section",
            "match": {
              "location": "e2e\\src\\home\\steps\\homePage.steps.ts:36"
            },
            "result": {
              "status": "passed",
              "duration": 55000000
            }
          },
          {
            "arguments": [],
            "keyword": "And ",
            "line": 9,
            "name": "Home page contains 'WHAT CAN I DO WITH BAMBI?' section",
            "match": {
              "location": "e2e\\src\\home\\steps\\homePage.steps.ts:36"
            },
            "result": {
              "status": "passed",
              "duration": 51000000
            }
          },
          {
            "arguments": [],
            "keyword": "And ",
            "line": 10,
            "name": "WHAT CAN I DO WITH BAMBI? section contains User Guide link",
            "match": {
              "location": "e2e\\src\\home\\steps\\homePage.steps.ts:41"
            },
            "result": {
              "status": "passed",
              "duration": 52000000
            }
          },
          {
            "arguments": [],
            "keyword": "And ",
            "line": 11,
            "name": "Home page contains disclaimer",
            "match": {
              "location": "e2e\\src\\home\\steps\\homePage.steps.ts:46"
            },
            "result": {
              "status": "passed",
              "duration": 48000000
            }
          },
          {
            "keyword": "After",
            "hidden": true,
            "match": {
              "location": "node_modules\\protractor-cucumber-framework\\lib\\resultsCapturer.js:27"
            },
            "result": {
              "status": "passed",
              "duration": 2000000
            }
          }
        ]
      }
    ]
  }
]